{"epoch": [0, 1, 2, 3, 4, 5, 6, 7, 8, 9, 10, 11, 12, 13, 14, 15, 16, 17, 18, 19, 20, 21, 22, 23, 24, 25, 26, 27, 28, 29, 30, 31, 32, 33, 34, 35, 36, 37, 38, 39, 40, 41, 42, 43, 44, 45, 46, 47, 48, 49, 50, 51, 52, 53, 54, 55, 56, 57, 58, 59, 60, 61, 62, 63, 64, 65, 66, 67, 68, 69, 70, 71, 72, 73, 74, 75, 76, 77, 78, 79, 80, 81, 82, 83, 84, 85, 86, 87, 88, 89, 90, 91, 92, 93, 94, 95, 96, 97, 98, 99, 100, 101, 102, 103, 104, 105, 106, 107, 108, 109, 110, 111, 112, 113, 114, 115, 116, 117, 118, 119, 120, 121, 122, 123, 124, 125, 126, 127, 128, 129, 130, 131, 132, 133, 134, 135, 136, 137, 138, 139, 140, 141, 142, 143, 144, 145, 146, 147, 148, 149, 150, 151, 152, 153, 154, 155, 156, 157, 158, 159, 160, 161, 162, 163, 164, 165, 166, 167, 168, 169, 170, 171, 172, 173, 174, 175, 176, 177, 178, 179, 180, 181, 182, 183, 184, 185, 186, 187, 188, 189, 190, 191, 192, 193, 194, 195, 196, 197, 198, 199], "cumu_recall": [0.00298322199398025, 0.0031488507836907043, 0.007158209762198941, 0.010851541394822863, 0.014388763133696702, 0.017727991836594823, 0.021299481600926, 0.024631095187055824, 0.02790369161823135, 0.031221978750016657, 0.03449838273957633, 0.037639618406498744, 0.0406590122051284, 0.0437050589124471, 0.04671112625673224, 0.04979334476870035, 0.05316113015947958, 0.05636709431893251, 0.05981293465658679, 0.0630874348669544, 0.06641524089470006, 0.06934515707130225, 0.0723797811034685, 0.0761111883199339, 0.0799244580416585, 0.08383672428137096, 0.0876975884828974, 0.09152037710058236, 0.09539837531483748, 0.09936775493031216, 0.10294685981141163, 0.10604240477772427, 0.10893614914967703, 0.11185273887193468, 0.11463035271317092, 0.11724614532308085, 0.1196163504172132, 0.1219846517321535, 0.12433201147598097, 0.12694590030669883, 0.1293598923222489, 0.13159492909374398, 0.13405270803071176, 0.1365561776682893, 0.13886736560746737, 0.1409824642898618, 0.14327842199550328, 0.14546396050800445, 0.14752194581463662, 0.1495532782125798, 0.1514342120543491, 0.15341985375168246, 0.1552227326465767, 0.15687711676448918, 0.1584991366361364, 0.1602391908176922, 0.16177554062569607, 0.16320147124055964, 0.16491106495504226, 0.16654831506022605, 0.16825790877470867, 0.16979616236190462, 0.17122018919757612, 0.17278699947265316, 0.1745460914461297, 0.17646129331335633, 0.17807760184742732, 0.1793417112309646, 0.18061914706884638, 0.1819651189576428, 0.18357952371252173, 0.18562037500642525, 0.18749369373142624, 0.18945839385764682, 0.1918857123275414, 0.1944805633663385, 0.19677271351359585, 0.19882308370345975, 0.20040131665368924, 0.20199287605826327, 0.203552071216572, 0.20510555503730454, 0.20672186357137554, 0.20837244013090386, 0.20995828819790166, 0.21164884412046353, 0.21334130382221747, 0.2145635300635291, 0.2154278458167308, 0.21655297931924664, 0.21785135672824124, 0.21980463417930934, 0.221489478764295, 0.22346179400728386, 0.22529132581086717, 0.2270808782514169, 0.22864578474730188, 0.23020307612641855, 0.23205735705949881, 0.23362607111376793, 0.23508626975408883, 0.2363656093711627, 0.2375668940413615, 0.2385263987541669, 0.23942117497444176, 0.2402093395599605, 0.24130972393297936, 0.24248245191529705, 0.24395216945157833, 0.24520104860157899, 0.24608059458831727, 0.24693919900394273, 0.24777876562764745, 0.24903716367360848, 0.250358386432908, 0.25203371212193326, 0.25376043984914454, 0.2556508925868742, 0.2568331394651523, 0.25770507033512224, 0.2587654753451076, 0.259932491989849, 0.2612784638786455, 0.2627329511813902, 0.26398183033139083, 0.26521547924785493, 0.26608931389701695, 0.26652718311119405, 0.2670164543635571, 0.26753618608299334, 0.268425250965692, 0.26934858387384797, 0.27087731856508357, 0.27263831431775215, 0.2740299769071584, 0.2756291514285007, 0.27726640153368454, 0.2785952394097523, 0.28033338981211603, 0.28190210386638515, 0.2832176152881084, 0.2847672915504568, 0.28643119456432964, 0.28822265078407144, 0.2899455709528986, 0.29135817511341766, 0.2926965318854458, 0.29388068254291594, 0.29543607014284057, 0.29689055744558523, 0.29841548457843664, 0.2998966247898704, 0.30107316033057224, 0.30216402580763074, 0.30332152355641184, 0.30438383234558924, 0.3054099693301172, 0.3063828004972671, 0.3074184563777555, 0.3082580230014602, 0.3089148268227258, 0.30968014605793964, 0.31043023505961687, 0.31151348541990703, 0.31245775989917585, 0.31337538146975563, 0.31408739488759135, 0.3150430920420126, 0.31592454180794294, 0.31719817008744056, 0.31821669195520025, 0.3191952344599264, 0.32046886273942404, 0.32181102706983633, 0.3230656175574132, 0.3240441600621394, 0.32474284702563055, 0.32545295666427426, 0.32627729305444236, 0.32697978757631774, 0.3278878902509371, 0.3288626251972791, 0.3301857517357707, 0.33151268583264637, 0.3325826097385921, 0.33362207317746456, 0.3345701552151175, 0.33584187971542306, 0.3371002777613841, 0.33813402986268043, 0.3390326136413394, 0.33995785032868747, 0.34089450969118795, 0.34173788387327686, 0.34251272200445104, 0.3432837525772411, 0.3443232160161136, 0.3453741021301385, 0.3465258885413434, 0.34751966127960615], "recommenders": ["UserBasedKnn", "ContextItemKnn", "PopRecommenderV2", "SVDRecommenderV2"], "bandit_algorithm": "Contextual"}