{"epoch": [0, 1, 2, 3, 4, 5, 6, 7, 8, 9, 10, 11, 12, 13, 14, 15, 16, 17, 18, 19, 20, 21, 22, 23, 24, 25, 26, 27, 28, 29, 30, 31, 32, 33, 34, 35, 36, 37, 38, 39, 40, 41, 42, 43, 44, 45, 46, 47, 48, 49, 50, 51, 52, 53, 54, 55, 56, 57, 58, 59, 60, 61, 62, 63, 64, 65, 66, 67, 68, 69, 70, 71, 72, 73, 74, 75, 76, 77, 78, 79, 80, 81, 82, 83, 84, 85, 86, 87, 88, 89, 90, 91, 92, 93, 94, 95, 96, 97, 98, 99, 100, 101, 102, 103, 104, 105, 106, 107, 108, 109, 110, 111, 112, 113, 114, 115, 116, 117, 118, 119, 120, 121, 122, 123, 124, 125, 126, 127, 128, 129, 130, 131, 132, 133, 134, 135, 136, 137, 138, 139, 140, 141, 142, 143, 144, 145, 146, 147, 148, 149, 150, 151, 152, 153, 154, 155, 156, 157, 158, 159, 160, 161, 162, 163, 164, 165, 166, 167, 168, 169, 170, 171, 172, 173, 174, 175, 176, 177, 178, 179, 180, 181, 182, 183, 184, 185, 186, 187, 188, 189, 190, 191, 192, 193, 194, 195, 196, 197, 198, 199], "cumu_recall": [0.0031107751998492206, 0.007830243817001129, 0.011203740545356587, 0.014560103260983379, 0.017701338927905787, 0.021375632768608967, 0.025649617054815513, 0.02956378707372004, 0.03286303641358461, 0.03621749535001932, 0.039659528129289454, 0.04293212456046498, 0.04623708523790577, 0.049578217719995966, 0.05284700659278734, 0.05610437279042627, 0.05926274247007735, 0.06255247291398154, 0.0657927050988918, 0.06913574136017409, 0.07239691511619717, 0.07573233626071114, 0.07893639664097199, 0.08218614772184263, 0.08544351391948156, 0.0888112993102608, 0.09210864487093329, 0.0955811381172766, 0.0991659543359523, 0.10271079119159443, 0.10628228095592561, 0.10979475356530248, 0.1132958034995269, 0.11662551330646466, 0.11987716816652737, 0.12307361343001993, 0.12632907584846678, 0.12946079261942883, 0.1324649561845219, 0.13530729851828865, 0.1381058539306377, 0.14096723405632522, 0.14383813307797308, 0.14654149953071843, 0.14926009621700037, 0.15190825307317557, 0.1544935852160123, 0.1568923469980258, 0.1593253768054966, 0.16167464032851614, 0.16421999310831933, 0.16687386130207074, 0.16931260244711777, 0.17180084185115874, 0.17410251089437642, 0.17628995318606966, 0.17831938180482074, 0.18039069356579746, 0.18237443148393875, 0.18438291853157704, 0.18650753610993182, 0.18871020863516166, 0.19111658553394342, 0.1934487150442343, 0.19573134629553127, 0.19818722145330697, 0.2006983062076528, 0.20322842875391942, 0.20568049635331095, 0.20801833720117807, 0.21012962832518833, 0.21212478891848208, 0.21422275358814782, 0.21638163919195996, 0.21853100589981173, 0.22076413889211474, 0.22302202101391472, 0.2253541505242056, 0.22762535910035012, 0.23000508309044285, 0.23224583119951417, 0.23453036623000317, 0.23691580155767214, 0.23906136070713974, 0.2411440951432689, 0.24322111824182185, 0.24523722040622842, 0.24725713012901912, 0.24929227008534643, 0.25108943764266445, 0.2529456223549368, 0.254697099211645, 0.25637813623824657, 0.2582171869377902, 0.26015904171370585, 0.2621256456191185, 0.2638676035798664, 0.2653506475704922, 0.2668984200536485, 0.2685299588212561, 0.2701748240432082, 0.2718101703691999, 0.27345693937034404, 0.2750922856963358, 0.2768037831900105, 0.2785723940594474, 0.28028198777393004, 0.2819002000871931, 0.2834346461160049, 0.28503001307896303, 0.2868157579611286, 0.2885063138836905, 0.2902558869612067, 0.2919140786375033, 0.2935646551970316, 0.29529899804101123, 0.2970980693775213, 0.2989218898435284, 0.30088468619055686, 0.30274467846121333, 0.304608478290254, 0.3063828004972671, 0.30817996805458514, 0.30981531438057686, 0.31152110053667537, 0.31321927157600554, 0.31498217110786625, 0.3167622046524556, 0.31860887046876757, 0.3202860999369849, 0.3219538105092419, 0.32355108125139215, 0.32539965084689615, 0.32709591810703426, 0.3288492987429346, 0.33071309857197523, 0.33250455479171703, 0.3341646502472057, 0.33590851198714566, 0.33756289610505813, 0.3390878232379096, 0.3405727710077274, 0.3419415882468288, 0.34329707903158563, 0.3446525698163424, 0.346105153339895, 0.3475520255258714, 0.3490464921916496, 0.35054286263661993, 0.35202590662724575, 0.3534385107877648, 0.35483017337717104, 0.3563075060302206, 0.35766680437336157, 0.3590965425466093, 0.3605852978748113, 0.3620873796573578, 0.3636789390619318, 0.36523432666185646, 0.3669115561300738, 0.3684460021588856, 0.3699233348119352, 0.3713149974013414, 0.37281707918388796, 0.374383889458965, 0.37587264478716703, 0.37729286406445434, 0.3786750077579002, 0.38005144011376985, 0.3814545253783285, 0.38278145947520426, 0.3840722217674305, 0.3853439462677361, 0.3866556501310752, 0.38785122346369777, 0.38903156656278376, 0.3902309474537905, 0.3914131943320686, 0.39262019033984363, 0.3940137567084419, 0.39549680069906773, 0.3970236316111112, 0.3983962564085967, 0.39973651695981693, 0.4010577397191164, 0.40246272876286715, 0.40381250821004777, 0.40513944230692345, 0.40646066506622297, 0.4079189599273518, 0.4094534059561636, 0.41113634676195715, 0.4126346209861195, 0.4140396100298703, 0.41548648221584666, 0.4169009901555578, 0.41825648094031465, 0.4196119717250714, 0.4209312907051789, 0.42228678148993565], "recommenders": ["ContextItemKnn", "PopRecommenderV2", "SVDRecommenderV2"], "bandit_algorithm": "Contextual"}