{"epoch": [0, 1, 2, 3, 4, 5, 6, 7, 8, 9, 10, 11, 12, 13, 14, 15, 16, 17, 18, 19, 20, 21, 22, 23, 24, 25, 26, 27, 28, 29, 30, 31, 32, 33, 34, 35, 36, 37, 38, 39, 40, 41, 42, 43, 44, 45, 46, 47, 48, 49, 50, 51, 52, 53, 54, 55, 56, 57, 58, 59, 60, 61, 62, 63, 64, 65, 66, 67, 68, 69, 70, 71, 72, 73, 74, 75, 76, 77, 78, 79, 80, 81, 82, 83, 84, 85, 86, 87, 88, 89, 90, 91, 92, 93, 94, 95, 96, 97, 98, 99, 100, 101, 102, 103, 104, 105, 106, 107, 108, 109, 110, 111, 112, 113, 114, 115, 116, 117, 118, 119, 120, 121, 122, 123, 124, 125, 126, 127, 128, 129, 130, 131, 132, 133, 134, 135, 136, 137, 138, 139, 140, 141, 142, 143, 144, 145, 146, 147, 148, 149, 150, 151, 152, 153, 154, 155, 156, 157, 158, 159, 160, 161, 162, 163, 164, 165, 166, 167, 168, 169, 170, 171, 172, 173, 174, 175, 176, 177, 178, 179, 180, 181, 182, 183, 184, 185, 186, 187, 188, 189, 190, 191, 192, 193, 194, 195, 196, 197, 198, 199], "cumu_recall": [0.0033430362612822716, 0.007750285090934013, 0.011289410608999927, 0.01357394563948895, 0.01701217086037493, 0.02057794928712988, 0.024309356503595288, 0.028448172467164568, 0.03233188201899591, 0.03596048515908931, 0.039491995560386926, 0.042945451014809496, 0.046254219250634436, 0.04959344795353256, 0.05280512345056171, 0.055877823066569444, 0.059133285485016306, 0.06228213626870701, 0.06533579809279401, 0.06845418840941152, 0.07158019384279733, 0.07454818560324099, 0.07756186806429444, 0.08046513133220756, 0.08345787222214819, 0.08632305990621984, 0.08959184877901122, 0.09295011527383008, 0.09623223060096597, 0.09932587178808654, 0.10237572605378938, 0.10546936724090993, 0.10861060290783234, 0.1116966289781846, 0.1146760434137807, 0.11750505929320294, 0.12052826065021674, 0.12358953759107204, 0.12659750871454925, 0.12951980977438313, 0.13221556111036017, 0.13472474208551397, 0.13723201928147566, 0.1397145473479404, 0.14211330912995387, 0.1444930331200466, 0.14671093587881304, 0.14887934037858552, 0.15086498207591892, 0.1529001220322462, 0.15496381867645462, 0.15696849816570874, 0.1591978235996276, 0.16134909408667145, 0.1634622889898738, 0.16567067285267986, 0.16790761340336702, 0.16983614172493816, 0.17215304100169246, 0.17457464813401083, 0.17677541688004858, 0.17875344346061367, 0.18091613662280995, 0.18318734519895444, 0.18541857441206538, 0.18758126757426166, 0.18970588515261647, 0.19172769865459924, 0.19347727173211543, 0.1953962811577262, 0.19767320107144692, 0.19991585295971032, 0.20194908913684556, 0.20364535639698364, 0.20547869575895109, 0.20731203512091853, 0.20898355325155968, 0.21062270713593553, 0.21222949677404615, 0.21375632768608965, 0.21527744726055692, 0.216947061612006, 0.2185824079379977, 0.22029009787328827, 0.22208916920979838, 0.22374164954851877, 0.22543601302946478, 0.2270789744722248, 0.22872383969417692, 0.2303534746825924, 0.23204212682596223, 0.23384690950004855, 0.2356060014735251, 0.23722611756598022, 0.23884623365843535, 0.24052727068503688, 0.24215880945264445, 0.2437846368826758, 0.24535715849532908, 0.24697917836697628, 0.2485783528883186, 0.2502536785773439, 0.2518166812940368, 0.25339681802345837, 0.2549959925448007, 0.25676841097262176, 0.2584913311414489, 0.2603437082953371, 0.26212945317750264, 0.26386379602148224, 0.26565525224122405, 0.2673914988643957, 0.26913155304595154, 0.2707478615800225, 0.27227088493368184, 0.27379010072895704, 0.27529599006988775, 0.27676951516455317, 0.2782468478176027, 0.2797470258209572, 0.281180571552589, 0.2826712306599831, 0.2842132918055632, 0.2856696828875, 0.2871451117613575, 0.2887728429705809, 0.2904272270884934, 0.29203782428498815, 0.29351134937965356, 0.29509719744665136, 0.29674015888941135, 0.2983545636442903, 0.29995564194482466, 0.301503414427981, 0.302967420626686, 0.30447902130519294, 0.3060020446588523, 0.3074393979488683, 0.30894147973141484, 0.3104054859301199, 0.3118542618952883, 0.31337157391137144, 0.3148565216811893, 0.3162938749712053, 0.3177236131444531, 0.3191095643962831, 0.3204345947139667, 0.32178627794033937, 0.32311701959559924, 0.3246229089365299, 0.32622017967868017, 0.32788027513416884, 0.3297040956001759, 0.33161929746740254, 0.33350594264674804, 0.3352650346202246, 0.33688705449187184, 0.33838913627441836, 0.33984933491473923, 0.34122195971222474, 0.34260219962647853, 0.3439900546575006, 0.34538362102609893, 0.3467391118108557, 0.3481402932962223, 0.34948055384744253, 0.35094646382533967, 0.35228291681817575, 0.3536441189405088, 0.35511574025598214, 0.3564845574950835, 0.35786860496772144, 0.35926597889470385, 0.36063289235461315, 0.3620949947741261, 0.3635570971936391, 0.364965893795774, 0.3662718863215369, 0.3676292808854858, 0.36901713591650787, 0.37028695663762135, 0.37150347154135677, 0.3727999451711593, 0.37408118856742517, 0.3754081226643009, 0.37674076809875284, 0.3779953585863297, 0.3793641758254311, 0.38079772155706293, 0.38224268996384725, 0.3837542906423541, 0.38518212503640975, 0.38657759518420015, 0.38785312724288984, 0.38910771773046676, 0.3903299439717784, 0.39160166847208394, 0.3928791043099657, 0.3942821895745244, 0.39569669751423553], "recommenders": ["SVDRecommenderV2", "PopRecommenderV2", "RandRecommender"], "bandit_algorithm": "Contextual"}