{"epoch": [0, 1, 2, 3, 4, 5, 6, 7, 8, 9, 10, 11, 12, 13, 14, 15, 16, 17, 18, 19, 20, 21, 22, 23, 24, 25, 26, 27, 28, 29, 30, 31, 32, 33, 34, 35, 36, 37, 38, 39, 40, 41, 42, 43, 44, 45, 46, 47, 48, 49, 50, 51, 52, 53, 54, 55, 56, 57, 58, 59, 60, 61, 62, 63, 64, 65, 66, 67, 68, 69, 70, 71, 72, 73, 74, 75, 76, 77, 78, 79, 80, 81, 82, 83, 84, 85, 86, 87, 88, 89, 90, 91, 92, 93, 94, 95, 96, 97, 98, 99, 100, 101, 102, 103, 104, 105, 106, 107, 108, 109, 110, 111, 112, 113, 114, 115, 116, 117, 118, 119, 120, 121, 122, 123, 124, 125, 126, 127, 128, 129, 130, 131, 132, 133, 134, 135, 136, 137, 138, 139, 140, 141, 142, 143, 144, 145, 146, 147, 148, 149, 150, 151, 152, 153, 154, 155, 156, 157, 158, 159, 160, 161, 162, 163, 164, 165, 166, 167, 168, 169, 170, 171, 172, 173, 174, 175, 176, 177, 178, 179, 180, 181, 182, 183, 184, 185, 186, 187, 188, 189, 190, 191, 192, 193, 194, 195, 196, 197, 198, 199], "cumu_recall": [0.003849441526374005, 0.008814497659303483, 0.012359334514945619, 0.015392054767919798, 0.018527579097265982, 0.022188546483624644, 0.025423067330958685, 0.028543361426768277, 0.03162367615954431, 0.03495528974567414, 0.038126985879669735, 0.04127393288416836, 0.04430855691633462, 0.04770299521580289, 0.05088230646656678, 0.05416822935208683, 0.05747128625033554, 0.061038968456282566, 0.06446767478120817, 0.06773455987480748, 0.0705274039495803, 0.0740532030133017, 0.07738100904104739, 0.08065931680979913, 0.08385576207329169, 0.08711883960850685, 0.09030195841765488, 0.09346794321407426, 0.09633122711895384, 0.09979229769014471, 0.10295447492817993, 0.10597767628519374, 0.10897803229190266, 0.1121097490628647, 0.11527763763847614, 0.11836366370882839, 0.12108035661591826, 0.12412830710242903, 0.1269535154234671, 0.12978633886127353, 0.13231455762834804, 0.13513595839100198, 0.1379230911281986, 0.1407102238653952, 0.14281770743102132, 0.14563149307690698, 0.1483710313343017, 0.15098492016501958, 0.15367305638422832, 0.15595568763552528, 0.15865715030907857, 0.16132624873636656, 0.16402390385153567, 0.16665492669498222, 0.16852443786159907, 0.171243034547881, 0.1738531158202147, 0.1763375476658715, 0.17884292108264116, 0.18135019827860285, 0.18386318681214078, 0.18541286307448918, 0.18801723300924666, 0.19058733491854682, 0.19304701763470666, 0.19551241168844272, 0.19793592259995316, 0.20050792828844538, 0.20295047699187657, 0.20520264777610034, 0.20747195257305276, 0.20863325788021803, 0.21081689261352712, 0.2130024311260283, 0.2152507943518679, 0.21748773490255507, 0.21963900538959888, 0.22183025523967628, 0.2240119861937933, 0.22615564156406884, 0.22723698814516696, 0.22940729642413155, 0.23140436079661736, 0.23345663476567333, 0.23552794652665004, 0.23756499026216943, 0.23960964911445712, 0.2416980948881625, 0.2437560801947947, 0.24586165998122875, 0.24682116469403412, 0.24893816715562062, 0.2511884341606523, 0.25357006192993714, 0.2558355591685054, 0.2579468502925157, 0.2601342925842089, 0.2622303534746826, 0.26430356901485136, 0.26619402175258106, 0.26798547797232286, 0.26978835686721714, 0.2715893319829193, 0.273455035591152, 0.2743307740195061, 0.2762935703665346, 0.27829063473902044, 0.28044952034283255, 0.2826274437385654, 0.2846473534613561, 0.28666726318414687, 0.28857104237622105, 0.29026350207797497, 0.291879810612046, 0.29352467583399805, 0.2951124276801879, 0.2958472864483286, 0.2974712100991679, 0.2992474360853731, 0.3011112359144137, 0.30288365434223474, 0.30469034079551316, 0.3065465255077855, 0.30827896457257303, 0.3099619053783666, 0.31167721043042546, 0.31342487972874955, 0.31513447344323214, 0.3168040877946812, 0.31835947539460585, 0.31904483590375254, 0.32045172872669536, 0.32185291021206197, 0.3233549919946085, 0.3249046682569569, 0.32652288057021994, 0.3281563231170196, 0.3298697243898864, 0.3314898404823415, 0.3330890150036838, 0.3346919970834103, 0.3353488009046759, 0.33684326757045413, 0.33842721185825986, 0.33993690875757465, 0.3413647431516303, 0.3428268455711433, 0.344359387820763, 0.3458538544865412, 0.3474339912159628, 0.3489703410239667, 0.350493364377626, 0.35196498569309936, 0.3535546413184813, 0.35408389193387796, 0.3557002004679489, 0.3573241241187882, 0.3588109756677981, 0.3602159647115489, 0.3616932973645985, 0.36318395647199253, 0.3645242170232128, 0.3658835153663538, 0.3673341951107143, 0.3688438920100291, 0.370380241818033, 0.37196228232664663, 0.3734434225380803, 0.3749302740870903, 0.37631241778053615, 0.3767940739161309, 0.37830377081544575, 0.3798420244026417, 0.3813498175227644, 0.38282143883823777, 0.3841655069478422, 0.3856904340806936, 0.3872020347592005, 0.38878026770942997, 0.390242370128943, 0.3916778196397669, 0.39304854065806033, 0.39440403144281716, 0.3958147318241441, 0.39730919848992235, 0.39879985759731645, 0.40030384315905504, 0.40196203483535164, 0.403485058189011, 0.4048729132200331, 0.40540026005623764, 0.40673480926988165, 0.4080217640037238, 0.4093525056589836, 0.4107041888853563, 0.41204254565738446, 0.41341517045487, 0.414879176653575, 0.41629368459328614, 0.4178985704522047], "recommenders": ["SVDRecommenderV2", "PopRecommenderV2", "RandRecommender"], "bandit_algorithm": "EpsilonGreedy"}