{"epoch": [0, 1, 2, 3, 4, 5, 6, 7, 8, 9, 10, 11, 12, 13, 14, 15, 16, 17, 18, 19, 20, 21, 22, 23, 24, 25, 26, 27, 28, 29, 30, 31, 32, 33, 34, 35, 36, 37, 38, 39, 40, 41, 42, 43, 44, 45, 46, 47, 48, 49, 50, 51, 52, 53, 54, 55, 56, 57, 58, 59, 60, 61, 62, 63, 64, 65, 66, 67, 68, 69, 70, 71, 72, 73, 74, 75, 76, 77, 78, 79, 80, 81, 82, 83, 84, 85, 86, 87, 88, 89, 90, 91, 92, 93, 94, 95, 96, 97, 98, 99, 100, 101, 102, 103, 104, 105, 106, 107, 108, 109, 110, 111, 112, 113, 114, 115, 116, 117, 118, 119, 120, 121, 122, 123, 124, 125, 126, 127, 128, 129, 130, 131, 132, 133, 134, 135, 136, 137, 138, 139, 140, 141, 142, 143, 144, 145, 146, 147, 148, 149, 150, 151, 152, 153, 154, 155, 156, 157, 158, 159, 160, 161, 162, 163, 164, 165, 166, 167, 168, 169, 170, 171, 172, 173, 174, 175, 176, 177, 178, 179, 180, 181, 182, 183, 184, 185, 186, 187, 188, 189, 190, 191, 192, 193, 194, 195, 196, 197, 198, 199], "cumu_recall": [0.004725179954728131, 0.006619440250841946, 0.009292346236514103, 0.013720536637278662, 0.016937923471884036, 0.020793076335834264, 0.02429222249086662, 0.028029341044908247, 0.031831188091480396, 0.035351275817625566, 0.03805654604956299, 0.040221142990951336, 0.04234195301092198, 0.04454843309453596, 0.04647125007853089, 0.048725324641946725, 0.05034924829278601, 0.05180563937472276, 0.053916930498733036, 0.056199561750029985, 0.058564055506586124, 0.060844782978690996, 0.06362049304073517, 0.06659229235956297, 0.06946509516040292, 0.07187908717595298, 0.07438255681353054, 0.07641769676985785, 0.07905443095088059, 0.08111051247832071, 0.08378532224318494, 0.08638017328198207, 0.08910828886422437, 0.09136807476521643, 0.09392485022017207, 0.09600758465630123, 0.09832258015386343, 0.10044719773221823, 0.1027869423592774, 0.10477258405661077, 0.1069904868153772, 0.1090998741601954, 0.11116928214198005, 0.11327676570760617, 0.11548895712879638, 0.11751077063077917, 0.11975532629823463, 0.1220798406917572, 0.12429203211294741, 0.12638428544503694, 0.12818145300235498, 0.12989295049602967, 0.13153210438040555, 0.13312747134336372, 0.13504457698978242, 0.1368322256511401, 0.13858370250784832, 0.14027235465121812, 0.1419057971980178, 0.1434668961355186, 0.14528690904314154, 0.14694510071943814, 0.1488812441577776, 0.15094494080198603, 0.15272687812576746, 0.15487434105442716, 0.15675527489619645, 0.15847629128583152, 0.16010211871586286, 0.16178696330084852, 0.1632338354868249, 0.1649224876301947, 0.16655402639780229, 0.16817985382783363, 0.1698418530625144, 0.1714105671167835, 0.173116353272882, 0.1746488955225017, 0.17627662673172514, 0.17772349891770153, 0.1791932164539828, 0.18075621917067572, 0.1824905620146553, 0.18424394265055563, 0.18571366018683688, 0.18720622307342305, 0.18873305398546655, 0.1907282145787603, 0.1924111553845539, 0.19404269415216147, 0.19576180676260443, 0.19746378536031878, 0.19911816947823124, 0.20055552276824726, 0.20192624378654067, 0.20336550085574875, 0.20499703962335633, 0.20666665397480538, 0.20826202093776355, 0.2098440614463772, 0.21099584785758208, 0.21268830755933604, 0.21421133091299538, 0.21560680106078575, 0.21685948776917058, 0.21810646313997917, 0.2194257821200866, 0.22064420080301406, 0.22205870874272518, 0.22345608266970762, 0.22473922984516564, 0.22617848691437373, 0.22740261693487743, 0.22876001149882633, 0.23014215519227219, 0.23141768725096187, 0.23267608529692294, 0.23394019468046018, 0.2352157267391499, 0.23652362304410485, 0.23762971875469996, 0.23868441242710906, 0.23989521599326824, 0.24125261055721714, 0.24235489870942808, 0.2437256197277215, 0.245252450639765, 0.24659842252856146, 0.24810431186949214, 0.24942743840798368, 0.25057732103999647, 0.25171197343847274, 0.2527552444357294, 0.2538727628214769, 0.25491032248115736, 0.25600118795821586, 0.2569340397623322, 0.25787641046240894, 0.25878832069541247, 0.2597668632001386, 0.26064831296606894, 0.26152024383603895, 0.26236171423893573, 0.2632622017967868, 0.2640065794608878, 0.26482139695509554, 0.2663748807758281, 0.2677037186518959, 0.26889358064694224, 0.2698568929181318, 0.27076880315113533, 0.27179684391485537, 0.27288961317110594, 0.273891001026137, 0.2747591243377228, 0.27562534387011656, 0.27639447066371453, 0.2771179067567027, 0.2778146899410019, 0.27865235278551453, 0.279332001957085, 0.27997167176562193, 0.28055422819839665, 0.2811424959687476, 0.28171743728475396, 0.2827549969444344, 0.28401149121120334, 0.28506047354603625, 0.2860142669212654, 0.2869166582583086, 0.2881617298499251, 0.2893820523120446, 0.29050147447698427, 0.2916684911217257, 0.2927307999109031, 0.2938711636469556, 0.2951219465761483, 0.29632323124634713, 0.29759114818826854, 0.29875816483301, 0.29973289977935197, 0.30069430827134946, 0.3016652356593073, 0.30270279531898775, 0.3040106916239427, 0.30509013442584876, 0.3063028417712, 0.30732326741815175, 0.3086216448271464, 0.30998665450786356, 0.3113402415134283, 0.31241968431533435, 0.31374281085382594, 0.3149916900038266, 0.31622724269948277, 0.3172057852042089, 0.31837280184895034, 0.31933992167852404, 0.32034130953355505, 0.3214607316984947], "recommenders": ["SVDRecommenderV2", "PopRecommenderV2", "RandRecommender"], "bandit_algorithm": "OptimalDesign"}