{"epoch": [0, 1, 2, 3, 4, 5, 6, 7, 8, 9, 10, 11, 12, 13, 14, 15, 16, 17, 18, 19, 20, 21, 22, 23, 24, 25, 26, 27, 28, 29, 30, 31, 32, 33, 34, 35, 36, 37, 38, 39, 40, 41, 42, 43, 44, 45, 46, 47, 48, 49, 50, 51, 52, 53, 54, 55, 56, 57, 58, 59, 60, 61, 62, 63, 64, 65, 66, 67, 68, 69, 70, 71, 72, 73, 74, 75, 76, 77, 78, 79, 80, 81, 82, 83, 84, 85, 86, 87, 88, 89, 90, 91, 92, 93, 94, 95, 96, 97, 98, 99, 100, 101, 102, 103, 104, 105, 106, 107, 108, 109, 110, 111, 112, 113, 114, 115, 116, 117, 118, 119, 120, 121, 122, 123, 124, 125, 126, 127, 128, 129, 130, 131, 132, 133, 134, 135, 136, 137, 138, 139, 140, 141, 142, 143, 144, 145, 146, 147, 148, 149, 150, 151, 152, 153, 154, 155, 156, 157, 158, 159, 160, 161, 162, 163, 164, 165, 166, 167, 168, 169, 170, 171, 172, 173, 174, 175, 176, 177, 178, 179, 180, 181, 182, 183, 184, 185, 186, 187, 188, 189, 190, 191, 192, 193, 194, 195, 196, 197, 198, 199], "cumu_recall": [0.004376788362578554, 0.008072023774394551, 0.010630703008542257, 0.014135560501150835, 0.01780795056266194, 0.022295158118380797, 0.02693847556784974, 0.029540941723415152, 0.032333785798187985, 0.036303165413662665, 0.039838483373344426, 0.04381357432639533, 0.045976267488591606, 0.04748977194629058, 0.049218403452693946, 0.05090705559606375, 0.053143996146750916, 0.05524957593318496, 0.05671167835269794, 0.05871255028356791, 0.06015751869035222, 0.061610102213904824, 0.06445815588524781, 0.0661182513407365, 0.06804106832473142, 0.0700114797885282, 0.07142218016985517, 0.07297566399058772, 0.07641008165308955, 0.08025381184188733, 0.08345596844295611, 0.08640872996986318, 0.08927962899151105, 0.09245132512550665, 0.09560588724677357, 0.09860814703267456, 0.10106402219045026, 0.10381688690218954, 0.10642887195371532, 0.109115104393732, 0.11166236095272726, 0.11452183729922269, 0.11694915576911727, 0.1194773745361918, 0.12157533920585754, 0.12364855474602633, 0.12615012060441183, 0.1283413704544892, 0.12983774089945951, 0.1324059390295676, 0.13428306531295275, 0.13628964858139894, 0.13836667167995187, 0.14095010004359654, 0.14348783770663143, 0.14594752042279127, 0.14847954674824995, 0.1504214015241656, 0.15287918046113338, 0.15525128933445784, 0.1567419484418519, 0.15909692330244768, 0.16138907344970502, 0.16379164279010264, 0.16598479641937208, 0.1677553110680011, 0.16993513824292603, 0.17216065611846076, 0.17348759021533647, 0.17563505314399613, 0.17774444048881435, 0.179762446432413, 0.1812949886820327, 0.18300838995489946, 0.18435626562288798, 0.18610012736282794, 0.18772405101366724, 0.1890395624353905, 0.1904464552583333, 0.19225314171161173, 0.19388087292083514, 0.1949317590348601, 0.19633674807861085, 0.19734955860879433, 0.19874312497739263, 0.19996725499789633, 0.20121803792708906, 0.20285719181146494, 0.20456678552594756, 0.2063411077329607, 0.20795360870864754, 0.20957943613867888, 0.21087210221009725, 0.21204483019241496, 0.21333178492625712, 0.2150661277702367, 0.21680047061421628, 0.2185462361333483, 0.22037005659935538, 0.22189307995301472, 0.2233761239436405, 0.2249486455562938, 0.22650974449379463, 0.2276710498009599, 0.22913886355804908, 0.2306200037694828, 0.23176227128472732, 0.2333271777806123, 0.23495110143145156, 0.23626470907398275, 0.23777630975248967, 0.23940975229928932, 0.24057486516483872, 0.24182374431483938, 0.24328203917596822, 0.24457089768900245, 0.245842622189308, 0.24687256673222013, 0.24775592027734256, 0.2486297549265046, 0.24987292273892905, 0.25078864053031674, 0.25172339611362515, 0.25294181479655264, 0.25379851543298604, 0.25464569717345903, 0.25588315364830727, 0.25724816332902445, 0.25825526252163167, 0.25968119313649524, 0.2612061202693467, 0.2627310474021981, 0.26390187160532375, 0.2653906269335257, 0.2668165575483893, 0.2678503096496856, 0.2693028931732382, 0.2707592842551749, 0.27224232824580075, 0.27335223151478, 0.2744145403039574, 0.2754958868850555, 0.2769122986039587, 0.27792891669252634, 0.2792729848021307, 0.28026485376120136, 0.28128337562896105, 0.28236852976844334, 0.2834708179206543, 0.2845007624635664, 0.28550786165617364, 0.28680814284436035, 0.28781143447858343, 0.28888706972210537, 0.29024256050686215, 0.29162089664192387, 0.2930639612695161, 0.2940463113326264, 0.29504769918765744, 0.296037664367536, 0.2970980693775213, 0.29851067353804034, 0.29980905094703497, 0.3008675521778282, 0.301760424618911, 0.30267994996868286, 0.303864100626153, 0.3048540658060315, 0.30566507574185514, 0.30667598249284655, 0.30770021569818246, 0.3084598235958201, 0.3091832596888083, 0.3100056922997843, 0.3107405510679249, 0.3115401383285961, 0.3122845159926971, 0.3132554433806549, 0.3140131474991005, 0.31509449408019863, 0.3158769473281411, 0.3166213249922421, 0.3173809328898797, 0.31812721433317276, 0.31911717951305135, 0.319800636243006, 0.32052026477761003, 0.3210723607433115, 0.32167585874719906, 0.3222850680886628, 0.3228866623133583, 0.3235149094467427, 0.3244896443930847, 0.32549293602730783, 0.32665614511366514, 0.3275223646460589, 0.3286950926283766, 0.32958986884865143, 0.3304046863428592, 0.3312309265122194], "recommenders": ["SVDRecommenderV2", "PopRecommenderV2", "RandRecommender"], "bandit_algorithm": "OptimalDesign"}