{"epoch": [0, 1, 2, 3, 4, 5, 6, 7, 8, 9, 10, 11, 12, 13, 14, 15, 16, 17, 18, 19, 20, 21, 22, 23, 24, 25, 26, 27, 28, 29, 30, 31, 32, 33, 34, 35, 36, 37, 38, 39, 40, 41, 42, 43, 44, 45, 46, 47, 48, 49, 50, 51, 52, 53, 54, 55, 56, 57, 58, 59, 60, 61, 62, 63, 64, 65, 66, 67, 68, 69, 70, 71, 72, 73, 74, 75, 76, 77, 78, 79, 80, 81, 82, 83, 84, 85, 86, 87, 88, 89, 90, 91, 92, 93, 94, 95, 96, 97, 98, 99, 100, 101, 102, 103, 104, 105, 106, 107, 108, 109, 110, 111, 112, 113, 114, 115, 116, 117, 118, 119, 120, 121, 122, 123, 124, 125, 126, 127, 128, 129, 130, 131, 132, 133, 134, 135, 136, 137, 138, 139, 140, 141, 142, 143, 144, 145, 146, 147, 148, 149, 150, 151, 152, 153, 154, 155, 156, 157, 158, 159, 160, 161, 162, 163, 164, 165, 166, 167, 168, 169, 170, 171, 172, 173, 174, 175, 176, 177, 178, 179, 180, 181, 182, 183, 184, 185, 186, 187, 188, 189, 190, 191, 192, 193, 194, 195, 196, 197, 198, 199], "cumu_recall": [0.003716176982928812, 0.007135364411894051, 0.010324194558618313, 0.013581560756257246, 0.016732315319140025, 0.019772650688882502, 0.022799659604280455, 0.02574861357280337, 0.028769911150625105, 0.032052026477761, 0.03521801127418037, 0.0384829925885876, 0.04174226256541861, 0.04505674213881977, 0.0482550911815044, 0.05142297975711585, 0.05469557618829138, 0.05795674994431446, 0.06114938764942287, 0.06436487070483617, 0.06760129533136229, 0.07094433159264456, 0.0741940826735152, 0.07747239044226695, 0.08066502814737536, 0.0839357207993588, 0.08721402856811056, 0.09053041192070378, 0.09378587433915064, 0.09697089692749077, 0.10016543841179125, 0.10329905896194536, 0.1065411949260477, 0.1096824305929701, 0.11285793428534985, 0.11591159610943684, 0.11894812392079517, 0.12197322905700106, 0.12509923449038687, 0.1281795492231629, 0.13120655813856086, 0.13408887983536116, 0.13698643176569808, 0.13979640985319958, 0.14256640857766753, 0.14532308084779094, 0.1481882685318626, 0.15091448033491284, 0.1536540185923076, 0.15632121324040352, 0.1589331982919293, 0.16148997374688495, 0.16415336083659673, 0.16691764822348845, 0.16975427921967898, 0.17264231225405552, 0.1755589019763132, 0.17836507250543052, 0.18103226715352647, 0.18369755802243032, 0.1861401067258615, 0.1887216313103141, 0.19124985007738862, 0.19372476302708508, 0.19619586841839737, 0.19857749618768217, 0.20086393499736327, 0.2031998720660383, 0.20555675070582613, 0.2077936912565133, 0.21018103036337432, 0.21235514620072304, 0.2144759562206937, 0.21653774908571005, 0.218666174222449, 0.22079840691757208, 0.2230391550266434, 0.22531607494036412, 0.2276044175292373, 0.2298908563389184, 0.2321982367197123, 0.23446563773747267, 0.2365731213030988, 0.2386368179473072, 0.24071384104586013, 0.2427527885605716, 0.24483552299670075, 0.24687256673222013, 0.2488886688966267, 0.25093903908649057, 0.25294752613412885, 0.2550645285957154, 0.25717581971972564, 0.2593746846865713, 0.26150310982331026, 0.2636448614143937, 0.26562669555334295, 0.2675247634078409, 0.26939427457445775, 0.27126188196188256, 0.2730857024278896, 0.2748505057389424, 0.27663625062110797, 0.2784029577113528, 0.2802857953323142, 0.28225811057530303, 0.2841676011049534, 0.2859476346495428, 0.28769340016867484, 0.28933826539062696, 0.2911335291687529, 0.29289071736303735, 0.29470311515389197, 0.2965364545158594, 0.2982212991008451, 0.29984522275168435, 0.3014558199481791, 0.30317683633781417, 0.30490737162340964, 0.30665504092173373, 0.3083760573113688, 0.30999236584543977, 0.31163342350900775, 0.31323259803035003, 0.3146813739955185, 0.3162710296209004, 0.3179863346729593, 0.31975113798401206, 0.3216625322928545, 0.3236443664318038, 0.32545486044346633, 0.32715112770360444, 0.32886643275566324, 0.3304656072770056, 0.3320209948769302, 0.33356686358089443, 0.3351393851935477, 0.3367861541946919, 0.3383815211576501, 0.339895025615349, 0.34139901117708765, 0.34294678366024395, 0.3443898482878362, 0.3458881225119986, 0.3473216682436304, 0.3487342724041495, 0.35015829923982095, 0.351595652529837, 0.35302919826146884, 0.35451224225209466, 0.3559400766461503, 0.3574650037790017, 0.35895375910720373, 0.3605872016540034, 0.36216733838342496, 0.3638674132019472, 0.3654989519695548, 0.36709241515332086, 0.3685659402479863, 0.36997473685012117, 0.3713759183354878, 0.3728208867422721, 0.37427727782420883, 0.3757488991396822, 0.3771443692874726, 0.3786350283948666, 0.38000574941316007, 0.38135362508114856, 0.3827700368000518, 0.38420739009006777, 0.38561999425058685, 0.3871430176042462, 0.3886984052041708, 0.39027092681682407, 0.3918701013381664, 0.3935739837150728, 0.3952873849879396, 0.397069322311721, 0.398763685792667, 0.4004028396770429, 0.4018306740710985, 0.403203298868584, 0.4044883498232341, 0.4058362254912226, 0.4071231802250648, 0.4084291727508277, 0.40976752952285583, 0.41102402378962477, 0.41228051805639376, 0.4136645655290317, 0.41509049614389526, 0.4165849628096735, 0.4179480687111986, 0.41916077605654983, 0.4204248854400871, 0.42167376459008776, 0.4231282518928325, 0.4245694127412326, 0.4259420375387181, 0.4271680713384139], "recommenders": ["SVDRecommenderV2"], "bandit_algorithm": "RandomBandit"}