{"epoch": [0, 1, 2, 3, 4, 5, 6, 7, 8, 9, 10, 11, 12, 13, 14, 15, 16, 17, 18, 19, 20, 21, 22, 23, 24, 25, 26, 27, 28, 29, 30, 31, 32, 33, 34, 35, 36, 37, 38, 39, 40, 41, 42, 43, 44, 45, 46, 47, 48, 49, 50, 51, 52, 53, 54, 55, 56, 57, 58, 59, 60, 61, 62, 63, 64, 65, 66, 67, 68, 69, 70, 71, 72, 73, 74, 75, 76, 77, 78, 79, 80, 81, 82, 83, 84, 85, 86, 87, 88, 89, 90, 91, 92, 93, 94, 95, 96, 97, 98, 99, 100, 101, 102, 103, 104, 105, 106, 107, 108, 109, 110, 111, 112, 113, 114, 115, 116, 117, 118, 119, 120, 121, 122, 123, 124, 125, 126, 127, 128, 129, 130, 131, 132, 133, 134, 135, 136, 137, 138, 139, 140, 141, 142, 143, 144, 145, 146, 147, 148, 149, 150, 151, 152, 153, 154, 155, 156, 157, 158, 159, 160, 161, 162, 163, 164, 165, 166, 167, 168, 169, 170, 171, 172, 173, 174, 175, 176, 177, 178, 179, 180, 181, 182, 183, 184, 185, 186, 187, 188, 189, 190, 191, 192, 193, 194, 195, 196, 197, 198, 199], "cumu_recall": [0.0035905275562519157, 0.008620312181711916, 0.012724860119823862, 0.016787524915710176, 0.021124333915255172, 0.025266957437208602, 0.029500962360381595, 0.03345701552151175, 0.03726076634727598, 0.04081131454049434, 0.04420194528157846, 0.047832452200863934, 0.05130494544720725, 0.05476411223920605, 0.05801005576169253, 0.06124457660902658, 0.06446196344363195, 0.06759558399378607, 0.07092148624233967, 0.0744149210597958, 0.07785314628068178, 0.0813922717987477, 0.0848799952786276, 0.08868374610439182, 0.09224762075195471, 0.09594856750134692, 0.0994534249939555, 0.1021015818501307, 0.10525614397139763, 0.10769488511644465, 0.11062289751385475, 0.11284460783100533, 0.11467794719297277, 0.1163799257906871, 0.11927176638344779, 0.12075481037407357, 0.12377230039351116, 0.12543239584899984, 0.128541267269657, 0.13169202183253978, 0.13475520255258713, 0.1377669812344485, 0.14087585265510566, 0.1425911577071645, 0.14575714250358388, 0.14865469443392076, 0.1516398202070931, 0.1544935852160123, 0.15750726767706574, 0.1588170677612128, 0.16162133451113805, 0.16453602045420365, 0.16737836278797041, 0.17022641645931338, 0.17281745993972636, 0.17407776176487946, 0.17668974681640526, 0.1791113539487236, 0.1815005968347767, 0.18320828677006726, 0.1855594540722789, 0.1879467931791399, 0.18910238714872893, 0.19150495648912658, 0.19385231623295404, 0.19633674807861085, 0.1973286170376815, 0.19985302824637188, 0.20211852548494016, 0.20451919104614572, 0.2068265714269396, 0.20783747817793102, 0.21015247367549322, 0.21257598458700366, 0.21480911757930668, 0.2170936526097957, 0.21938199519866888, 0.22022346560156567, 0.22245279103548454, 0.22461548419768082, 0.22682957939806309, 0.22911982576612835, 0.23146718550995582, 0.23241336376841668, 0.2347283592659789, 0.23700527917969963, 0.23913941565401478, 0.2411079233386195, 0.2430992763735291, 0.2443900386657554, 0.24628620274106128, 0.24820330838747998, 0.2501242215922828, 0.251154166135195, 0.2530769831191899, 0.2551121230755172, 0.25716630082376524, 0.25911386693725713, 0.2599039353019679, 0.26182675228596286, 0.26369626345257974, 0.26571046183779423, 0.267732275339777, 0.26960559406477796, 0.27041089266302537, 0.2722290017914562, 0.2738472141047193, 0.27557394183193057, 0.277407281193898, 0.27811739083254167, 0.2799164621690518, 0.28168888059687286, 0.2835507766467214, 0.2854164802549541, 0.28732597078460453, 0.28795802547637317, 0.2898046912926851, 0.29161518530434766, 0.29347327379581206, 0.29539799455899907, 0.29726750572561594, 0.2990532506077815, 0.2999404117112881, 0.3017432906061823, 0.30354236194269246, 0.30526337833232753, 0.30702818164338025, 0.3088653285637319, 0.3106529772250895, 0.3114525644857607, 0.3132878076269202, 0.3150583222755492, 0.3167945688987209, 0.31859935157280717, 0.32037367377982034, 0.3221822640122908, 0.3228162224832515, 0.32448774061389263, 0.32608881891442704, 0.3276499178519279, 0.3291500958552823, 0.3306141020539874, 0.3321885274458327, 0.33273110451557386, 0.33426174298600153, 0.335839975936231, 0.3374486693535337, 0.3391049572506382, 0.3407593413685507, 0.3423813612401979, 0.34285159470064025, 0.3444698070139033, 0.3460632701976694, 0.34766434849820377, 0.3492540041235857, 0.3507884501523975, 0.3522867243765599, 0.35364031138212465, 0.35414671664721636, 0.3555383792366226, 0.3569700211890624, 0.35834645354493205, 0.35972098212160963, 0.361143105178089, 0.36173137294843993, 0.3631782451344163, 0.3646593853458501, 0.36637088283952474, 0.3679757686984433, 0.36965870950423685, 0.37117031018274377, 0.37255055009699756, 0.3731673745552296, 0.37459330517009315, 0.376026850901725, 0.3775117986715429, 0.3789415368447906, 0.3803865052515749, 0.3818467038918958, 0.3831812531055398, 0.38375048308397, 0.3851078776479189, 0.3865642687298556, 0.38814059790089306, 0.3896560061377841, 0.3911714143746752, 0.39258782609357834, 0.3940975229928932, 0.3946915021008203, 0.39609077980699486, 0.3973358513986114, 0.3986684968330633, 0.39990404952871944, 0.40125954031347627, 0.4026150310982331, 0.403176645959895, 0.4045473669781884, 0.40592379933405803, 0.40737638285761063, 0.40876233410944063], "recommenders": ["UserBasedKnn", "SVDRecommenderV2", "PopRecommenderV2", "RandRecommender"], "bandit_algorithm": "EpsilonGreedy"}