{"epoch": [0, 1, 2, 3, 4, 5, 6, 7, 8, 9, 10, 11, 12, 13, 14, 15, 16, 17, 18, 19, 20, 21, 22, 23, 24, 25, 26, 27, 28, 29, 30, 31, 32, 33, 34, 35, 36, 37, 38, 39, 40, 41, 42, 43, 44, 45, 46, 47, 48, 49, 50, 51, 52, 53, 54, 55, 56, 57, 58, 59, 60, 61, 62, 63, 64, 65, 66, 67, 68, 69, 70, 71, 72, 73, 74, 75, 76, 77, 78, 79, 80, 81, 82, 83, 84, 85, 86, 87, 88, 89, 90, 91, 92, 93, 94, 95, 96, 97, 98, 99, 100, 101, 102, 103, 104, 105, 106, 107, 108, 109, 110, 111, 112, 113, 114, 115, 116, 117, 118, 119, 120, 121, 122, 123, 124, 125, 126, 127, 128, 129, 130, 131, 132, 133, 134, 135, 136, 137, 138, 139, 140, 141, 142, 143, 144, 145, 146, 147, 148, 149, 150, 151, 152, 153, 154, 155, 156, 157, 158, 159, 160, 161, 162, 163, 164, 165, 166, 167, 168, 169, 170, 171, 172, 173, 174, 175, 176, 177, 178, 179, 180, 181, 182, 183, 184, 185, 186, 187, 188, 189, 190, 191, 192, 193, 194, 195, 196, 197, 198, 199], "cumu_recall": [0.0032326170681419688, 0.008123425812580553, 0.012102324324015604, 0.01584325043644138, 0.019993489075163105, 0.023049054678442177, 0.026199809241324954, 0.028819409409619034, 0.0322957102143465, 0.035741550552000775, 0.03927877229087461, 0.04285026205520579, 0.0465226521167169, 0.05014744769842615, 0.05394167962823, 0.057872983659863195, 0.06147303011207548, 0.06512067104408963, 0.06884065558540259, 0.0725777741394442, 0.07619876216276932, 0.07977977082306086, 0.08333603035385544, 0.08699890151940617, 0.09034955289745675, 0.09370210805469939, 0.09714985217154573, 0.10058617361323964, 0.10404534040523844, 0.1074930845220848, 0.1108551585752878, 0.11408967942262184, 0.11732229649076381, 0.12039309232757948, 0.12347911839793173, 0.1261939075258295, 0.128746875422401, 0.1313664755906951, 0.13386042633231227, 0.13646289248787768, 0.13896065078787903, 0.14129849163574612, 0.14351449061532048, 0.14581615965853817, 0.1481064060266034, 0.15060226054741266, 0.1529001220322462, 0.15535409341082984, 0.157821391243758, 0.1602982079726465, 0.1627179113257728, 0.16505575217363988, 0.16749830087707107, 0.17008744057829198, 0.1727698654599245, 0.17564837959834068, 0.17840885942684823, 0.18093136685634653, 0.18340818358523506, 0.18592307589796506, 0.18839989262685355, 0.19072440702037616, 0.1929918080381365, 0.19518686544659805, 0.19726579232434305, 0.19909532412792635, 0.2009572201777749, 0.20275819529347708, 0.20467910849827994, 0.2063620493040735, 0.20829248140483675, 0.21016580012983774, 0.2120486377507991, 0.21407425881116604, 0.21622552929820987, 0.2184662774072812, 0.22066133481574274, 0.22268695587610968, 0.22467830891101925, 0.22666966194592886, 0.22874478126528971, 0.23087701396041282, 0.23321675858747198, 0.2355241389682659, 0.23774013794784027, 0.23980764215043282, 0.24168476843381798, 0.2435637984963952, 0.24544663611735656, 0.24734851153023868, 0.2492427718263525, 0.25111799433054555, 0.25306365666484537, 0.2550169341159135, 0.2571548781486128, 0.25917859542978766, 0.2611604295687369, 0.26293475177575004, 0.2646633832821534, 0.26640153368451713, 0.26809589716546317, 0.26973885860822316, 0.2714484523227058, 0.2731294893493073, 0.27484669818055824, 0.2765391578823122, 0.2783268065436698, 0.2801239741009879, 0.28188877741204066, 0.2836116975808678, 0.28527179303635647, 0.2868119504027445, 0.2884016060281264, 0.2901435639888743, 0.2918855219496222, 0.2935380022883426, 0.2951238503553404, 0.2966982757471857, 0.29811278368689687, 0.29958250122317814, 0.30105793009703563, 0.30269327642302735, 0.3042524715813361, 0.30588781790732783, 0.3075193566749354, 0.3091451841049668, 0.3107500699638853, 0.31228070843431294, 0.3138418073718138, 0.3153686382838573, 0.31690308431266906, 0.3184508567958254, 0.31996626503271647, 0.32140932966030866, 0.32287714341739787, 0.32428022868195655, 0.32575375377662197, 0.3272920073638179, 0.3288131269382852, 0.33042372413477994, 0.3320438402272351, 0.3335249804386688, 0.33504800379232813, 0.33657483470437166, 0.338046456019845, 0.33946477151794024, 0.34085453032815444, 0.3422880760597863, 0.34376540871283584, 0.3452751056121507, 0.3467867062906576, 0.3481517159713748, 0.3495357634440127, 0.35094265626695553, 0.35244283427031, 0.3539753765199297, 0.35564689465057087, 0.3571756293418064, 0.3586510582156639, 0.36009412284325615, 0.3615219572373118, 0.3628831593596448, 0.36426720683228275, 0.3657255016934116, 0.36713810585393064, 0.3686649367659741, 0.3702108054699384, 0.3719051689508844, 0.37366426092436095, 0.37532816393823376, 0.3768835515381584, 0.37837040308716835, 0.37968401072969954, 0.38111946024052346, 0.3825339681802346, 0.3838989778609518, 0.3853953483059221, 0.38687268095897165, 0.38844329879243283, 0.38983686516103117, 0.391116204778105, 0.3923650839281057, 0.39364251976598746, 0.39495041607094244, 0.3962887728429706, 0.3977013770034896, 0.39918251721492337, 0.4006845989974699, 0.4021942958967847, 0.40357072825265433, 0.40478724315638975, 0.40605706387750323, 0.4072697712228545, 0.4085472070607363, 0.4097865673147766, 0.4109726217514388, 0.41216438752567724, 0.4133523457415315, 0.41447938302323944, 0.4157016092645511], "recommenders": ["UserBasedKnn", "SVDRecommenderV2", "PopRecommenderV2", "RandRecommender"], "bandit_algorithm": "ThomsonSampling"}