{"epoch": [0, 1, 2, 3, 4, 5, 6, 7, 8, 9, 10, 11, 12, 13, 14, 15, 16, 17, 18, 19, 20, 21, 22, 23, 24, 25, 26, 27, 28, 29, 30, 31, 32, 33, 34, 35, 36, 37, 38, 39, 40, 41, 42, 43, 44, 45, 46, 47, 48, 49, 50, 51, 52, 53, 54, 55, 56, 57, 58, 59, 60, 61, 62, 63, 64, 65, 66, 67, 68, 69, 70, 71, 72, 73, 74, 75, 76, 77, 78, 79, 80, 81, 82, 83, 84, 85, 86, 87, 88, 89, 90, 91, 92, 93, 94, 95, 96, 97, 98, 99, 100, 101, 102, 103, 104, 105, 106, 107, 108, 109, 110, 111, 112, 113, 114, 115, 116, 117, 118, 119, 120, 121, 122, 123, 124, 125, 126, 127, 128, 129, 130, 131, 132, 133, 134, 135, 136, 137, 138, 139, 140, 141, 142, 143, 144, 145, 146, 147, 148, 149, 150, 151, 152, 153, 154, 155, 156, 157, 158, 159, 160, 161, 162, 163, 164, 165, 166, 167, 168, 169, 170, 171, 172, 173, 174, 175, 176, 177, 178, 179, 180, 181, 182, 183, 184, 185, 186, 187, 188, 189, 190, 191, 192, 193, 194, 195, 196, 197, 198, 199], "cumu_recall": [0.0030974487455047014, 0.00600261579260991, 0.008797363646574815, 0.011508345216088458, 0.014164117189031947, 0.016659971709841206, 0.01906634860862298, 0.02134136474315163, 0.023654456461521766, 0.026055122022727317, 0.02832252304048767, 0.030662267667546848, 0.03302866520329506, 0.035366506051162164, 0.037662463756803634, 0.040114531356195186, 0.04247521755436717, 0.04489301712830139, 0.047177552158790416, 0.04953823835696241, 0.05196365304766492, 0.054345280816949726, 0.0567440425989632, 0.05916945728966572, 0.06153204726702978, 0.06394032794500362, 0.0663543199605537, 0.06877402331367999, 0.07115565108296479, 0.07360771868235634, 0.07603313337305886, 0.0784566442845693, 0.08082875315789373, 0.08313042220111143, 0.08551966508716453, 0.087867024830992, 0.09028863196331037, 0.0927197579915891, 0.09501000435965434, 0.09726598270226226, 0.09961905378366595, 0.10201400800729528, 0.1044984398529521, 0.10678678244182527, 0.10902753055089659, 0.1113196806981539, 0.11361563840379538, 0.11584686761690632, 0.1180533477005203, 0.12013417835745739, 0.12226641105258047, 0.12427680187941081, 0.12627196247270456, 0.12815670387285802, 0.13006429062331634, 0.13203279830792106, 0.13395942285030013, 0.13590698896379202, 0.13780124925990583, 0.13962126216752876, 0.14142223728323094, 0.14333934292964964, 0.14526406369283665, 0.14704980857500224, 0.1488831479369697, 0.15066318148155905, 0.152407043221499, 0.1541490011822469, 0.15588905536380268, 0.15762339820778226, 0.15941675820671616, 0.16121392576403418, 0.16303203489246504, 0.16500815769383803, 0.1669423973529854, 0.1687129120016144, 0.17050817577974037, 0.1721873090271498, 0.17383788558667812, 0.17543706010802043, 0.17704194596693898, 0.17862779403393678, 0.18024600634719984, 0.18166622562448717, 0.1831397507191526, 0.1845047603998698, 0.18587167385977904, 0.18722906842372794, 0.18852934961191462, 0.18989055173424765, 0.19124033118142825, 0.1926586466795235, 0.19404459793135354, 0.19542864540399146, 0.1968507684604709, 0.1982367197123009, 0.19956175002998452, 0.20096864285292734, 0.20229748072899512, 0.20354826365818787, 0.2048371221712221, 0.20607077108768618, 0.2073082275625344, 0.20853426136223016, 0.20972221957808446, 0.21087210221009725, 0.21214953804797904, 0.21333749626383333, 0.21457304895948948, 0.21575339205857547, 0.21694135027442976, 0.2182149785539274, 0.21953239375484274, 0.22076033133373058, 0.22212534101444778, 0.22349986959112533, 0.22485726415507423, 0.2261880058103341, 0.2275225550239781, 0.2288951798214636, 0.23014977030904046, 0.2314519552764192, 0.23275223646460588, 0.2340334798608718, 0.23526903255652795, 0.23651410414814447, 0.23782771179067566, 0.2390270926816824, 0.24027787561087516, 0.24156102278633315, 0.2429355513630107, 0.24443001802878894, 0.24586356376042082, 0.24728378303770815, 0.24864879271842535, 0.24999095704883764, 0.25117891526469194, 0.2523992377268115, 0.2537737663034891, 0.25500551144076106, 0.2562258339028806, 0.25738713921004586, 0.2585579634131715, 0.2598163614591325, 0.261061433050749, 0.26230079330478934, 0.2636543803103541, 0.26491087457712303, 0.2661483310519713, 0.26755141631652996, 0.26891452221805506, 0.27021099584785757, 0.27149795058169973, 0.2727068503686668, 0.2739404992851309, 0.27513226505936933, 0.2763011854833029, 0.2774472605569316, 0.2785704902802553, 0.2796994313411553, 0.28077506658467727, 0.2819154303207297, 0.28303675626486136, 0.28417712000091383, 0.2853041572826217, 0.28641406055160096, 0.2875106373662357, 0.2886243481935991, 0.28975138547530704, 0.29085748118590216, 0.2920111713762991, 0.2931534388915436, 0.2942957064067881, 0.29540941723415154, 0.29649076381524964, 0.29755116882523497, 0.2986172851727965, 0.2996910166371264, 0.3007038271673098, 0.30179659642356044, 0.30280940695374386, 0.303915502664339, 0.3049987530246292, 0.30600965977562056, 0.3070643534480297, 0.30815712270428025, 0.30919087480557655, 0.31023224202364114, 0.3113421452926204, 0.31244443344483136, 0.3135067422340087, 0.31449480363469523, 0.3155647275406409, 0.31653565492859875, 0.3176246166264652, 0.3186279082606883, 0.3196159696613748, 0.3205602441406436, 0.32154830554133007, 0.3225630198507056], "recommenders": ["SVDRecommenderV2", "PopRecommenderV2", "RandRecommender"], "bandit_algorithm": "BanditAlgorithm"}